org,name,position,date,district
Colorado DA Rubinstein,Gordon P. Gallagher,united states district judge for the district of colorado,"Tuesday, December 13, 2022", district of colorado
Former MCBA Presidents And Attorneys,Gordon P. Gallagher,united states district judge for the district of colorado,"Tuesday, December 13, 2022", district of colorado
Former CO US Attorneys,Gordon P. Gallagher,united states district judge for the district of colorado,"Tuesday, December 13, 2022", district of colorado
Grand Junction Legal Community,Gordon P. Gallagher,united states district judge for the district of colorado,"Tuesday, December 13, 2022", district of colorado
HAP And Mesa County Libraries,Gordon P. Gallagher,united states district judge for the district of colorado,"Tuesday, December 13, 2022", district of colorado
Mesa County DAs And Sheriffs,Gordon P. Gallagher,united states district judge for the district of colorado,"Tuesday, December 13, 2022", district of colorado
Riverside Educational Center,Gordon P. Gallagher,united states district judge for the district of colorado,"Tuesday, December 13, 2022", district of colorado
Ute Mountain Ute Tribe,Gordon P. Gallagher,united states district judge for the district of colorado,"Tuesday, December 13, 2022", district of colorado
Western CO Attorneys,Gordon P. Gallagher,united states district judge for the district of colorado,"Tuesday, December 13, 2022", district of colorado
Former AAG Eric Dreiband,P. Casey Pitts,united states district judge for the northern district of california,"Tuesday, December 13, 2022", northern district of california
Stephen Cannon,P. Casey Pitts,united states district judge for the northern district of california,"Tuesday, December 13, 2022", northern district of california
National Education Association,P. Casey Pitts,united states district judge for the northern district of california,"Tuesday, December 13, 2022", northern district of california
William Baude,P. Casey Pitts,united states district judge for the northern district of california,"Tuesday, December 13, 2022", northern district of california
FCC Deputy GC Boizelle,P. Casey Pitts,united states district judge for the northern district of california,"Tuesday, December 13, 2022", northern district of california
Major General Mark Malanka,Andrew G. Schopler,united states district judge for the southern district of california,"Tuesday, December 13, 2022", southern district of california
Judge Irma Gonzalez,Andrew G. Schopler,united states district judge for the southern district of california,"Tuesday, December 13, 2022", southern district of california
Former Law Clerks,Andrew G. Schopler,united states district judge for the southern district of california,"Tuesday, December 13, 2022", southern district of california
Harvard Law School Classmates,Andrew G. Schopler,united states district judge for the southern district of california,"Tuesday, December 13, 2022", southern district of california
Former SCOTUS Clerks,Arun Subramanian,united states district judge for the southern district of new york,"Tuesday, December 13, 2022", southern district of new york
SABANY/AABANY/SABANA,Arun Subramanian,united states district judge for the southern district of new york,"Tuesday, December 13, 2022", southern district of new york
Colleagues At Susman Godfrey,Arun Subramanian,united states district judge for the southern district of new york,"Tuesday, December 13, 2022", southern district of new york
Columbia Law Review Board,Arun Subramanian,united states district judge for the southern district of new york,"Tuesday, December 13, 2022", southern district of new york
Co-Counsel Eric Havian,Arun Subramanian,united states district judge for the southern district of new york,"Tuesday, December 13, 2022", southern district of new york
Columbia Law Review,Arun Subramanian,united states district judge for the southern district of new york,"Tuesday, December 13, 2022", southern district of new york
Assistant USA And Retired Navy JAG,Jonathan James Canada Grey,united states district judge for the eastern district of michigan,"Wednesday, November 30, 2022", eastern district of michigan
DEA Assistant Special Agent,Jonathan James Canada Grey,united states district judge for the eastern district of michigan,"Wednesday, November 30, 2022", eastern district of michigan
Former USA Barbara McQuade,Jonathan James Canada Grey,united states district judge for the eastern district of michigan,"Wednesday, November 30, 2022", eastern district of michigan
Former USA David DeVillers,Jonathan James Canada Grey,united states district judge for the eastern district of michigan,"Wednesday, November 30, 2022", eastern district of michigan
Retired DHS Special Agent,Jonathan James Canada Grey,united states district judge for the eastern district of michigan,"Wednesday, November 30, 2022", eastern district of michigan
Current And Former MA AGs,Julia E. Kobick,united states district judge for the district of massachusetts,"Wednesday, November 30, 2022", district of massachusetts
Justice Ginsburg Co-Clerks,Julia E. Kobick,united states district judge for the district of massachusetts,"Wednesday, November 30, 2022", district of massachusetts
MA Trial And Appellate Judges,Julia E. Kobick,united states district judge for the district of massachusetts,"Wednesday, November 30, 2022", district of massachusetts
Opposing Counsel,Julia E. Kobick,united states district judge for the district of massachusetts,"Wednesday, November 30, 2022", district of massachusetts
MA Lawyers And Legal Scholars,Julia E. Kobick,united states district judge for the district of massachusetts,"Wednesday, November 30, 2022", district of massachusetts
Former Senior Legal Counsels To Gov. Baker,Julia E. Kobick,united states district judge for the district of massachusetts,"Wednesday, November 30, 2022", district of massachusetts
Judge Bruce Chan,Rita F. Lin,united states district judge for the northern district of california,"Wednesday, November 30, 2022", northern district of california
CA APABA,Rita F. Lin,united states district judge for the northern district of california,"Wednesday, November 30, 2022", northern district of california
Former NDCA USAs,Rita F. Lin,united states district judge for the northern district of california,"Wednesday, November 30, 2022", northern district of california
San Francisco Superior Court Judges,Rita F. Lin,united states district judge for the northern district of california,"Wednesday, November 30, 2022", northern district of california
AJF,Rita F. Lin,united states district judge for the northern district of california,"Wednesday, November 30, 2022", northern district of california
Richmond VA Lawyers,Robert Stewart Ballou,united states district judge for the western district of virginia,"Tuesday, November 15, 2022", western district of virginia
VA Construction Attorneys,Robert Stewart Ballou,united states district judge for the western district of virginia,"Tuesday, November 15, 2022", western district of virginia
Roanoke VA Lawyers,Robert Stewart Ballou,united states district judge for the western district of virginia,"Tuesday, November 15, 2022", western district of virginia
Former USAs For WD-VA,Robert Stewart Ballou,united states district judge for the western district of virginia,"Tuesday, November 15, 2022", western district of virginia
57 Criminal And Civil Attorneys,Robert Stewart Ballou,united states district judge for the western district of virginia,"Tuesday, November 15, 2022", western district of virginia
52 Law Professors,Todd E. Edelman,united states district judge for the district of columbia,"Tuesday, November 15, 2022", district of columbia
DC AG Racine,Todd E. Edelman,united states district judge for the district of columbia,"Tuesday, November 15, 2022", district of columbia
DC Superior Court Judges,Todd E. Edelman,united states district judge for the district of columbia,"Tuesday, November 15, 2022", district of columbia
DV Advocates,Todd E. Edelman,united states district judge for the district of columbia,"Tuesday, November 15, 2022", district of columbia
Former Bush HHS Official Stewart Simonson,Todd E. Edelman,united states district judge for the district of columbia,"Tuesday, November 15, 2022", district of columbia
Former DC AG Irvin Nathan,Todd E. Edelman,united states district judge for the district of columbia,"Tuesday, November 15, 2022", district of columbia
Former ED Of DC Legal Aid Society Eric Angel,Todd E. Edelman,united states district judge for the district of columbia,"Tuesday, November 15, 2022", district of columbia
Former Law Clerks,Todd E. Edelman,united states district judge for the district of columbia,"Tuesday, November 15, 2022", district of columbia
Former Prosecutors,Todd E. Edelman,united states district judge for the district of columbia,"Tuesday, November 15, 2022", district of columbia
Rep. Constance Morella,Todd E. Edelman,united states district judge for the district of columbia,"Tuesday, November 15, 2022", district of columbia
Stuart Nash,Todd E. Edelman,united states district judge for the district of columbia,"Tuesday, November 15, 2022", district of columbia
Washington Council Of Lawyers,Todd E. Edelman,united states district judge for the district of columbia,"Tuesday, November 15, 2022", district of columbia
WBA,Todd E. Edelman,united states district judge for the district of columbia,"Tuesday, November 15, 2022", district of columbia
AFJ,Todd E. Edelman,united states district judge for the district of columbia,"Tuesday, November 15, 2022", district of columbia
CO AG Weiser,Todd E. Edelman,united states district judge for the district of columbia,"Tuesday, November 15, 2022", district of columbia
Former Opposing Counsel Justin Dillon,Todd E. Edelman,united states district judge for the district of columbia,"Tuesday, November 15, 2022", district of columbia
NELA,Todd E. Edelman,united states district judge for the district of columbia,"Tuesday, November 15, 2022", district of columbia
Pacifica Law Group Managing Partner,Kymberly Kathryn Evanson,united states district judge for the western district of washington,"Tuesday, November 15, 2022", western district of washington
24 Former Sullivan Clerks,Kymberly Kathryn Evanson,united states district judge for the western district of washington,"Tuesday, November 15, 2022", western district of washington
AG Racine,Kymberly Kathryn Evanson,united states district judge for the western district of washington,"Tuesday, November 15, 2022", western district of washington
ED And General Counsel Of IMLA,Kymberly Kathryn Evanson,united states district judge for the western district of washington,"Tuesday, November 15, 2022", western district of washington
ED Of Seattle Clemency Project,Kymberly Kathryn Evanson,united states district judge for the western district of washington,"Tuesday, November 15, 2022", western district of washington
"""Former Chief Of Civil Division In Seattle City Attorneys Office""",Kymberly Kathryn Evanson,united states district judge for the western district of washington,"Tuesday, November 15, 2022", western district of washington
Former Opposing Counsel Schromen-Wawrin,Kymberly Kathryn Evanson,united states district judge for the western district of washington,"Tuesday, November 15, 2022", western district of washington
Former Sullivan Clerk,Kymberly Kathryn Evanson,united states district judge for the western district of washington,"Tuesday, November 15, 2022", western district of washington
Former VA Supervisor,Kymberly Kathryn Evanson,united states district judge for the western district of washington,"Tuesday, November 15, 2022", western district of washington
Jonathan McQuade,Kymberly Kathryn Evanson,united states district judge for the western district of washington,"Tuesday, November 15, 2022", western district of washington
Judge Janet Chung And David Ward,Kymberly Kathryn Evanson,united states district judge for the western district of washington,"Tuesday, November 15, 2022", western district of washington
"""King County Prosecuting Attorneys Office Deputy COS""",Kymberly Kathryn Evanson,united states district judge for the western district of washington,"Tuesday, November 15, 2022", western district of washington
"""Member Of King County Prosecuting Attorneys Office""",Kymberly Kathryn Evanson,united states district judge for the western district of washington,"Tuesday, November 15, 2022", western district of washington
Opposing Counsel,Kymberly Kathryn Evanson,united states district judge for the western district of washington,"Tuesday, November 15, 2022", western district of washington
Philadelphia City Solicitor,Kymberly Kathryn Evanson,united states district judge for the western district of washington,"Tuesday, November 15, 2022", western district of washington
Portland Chief Deputy City Attorney,Kymberly Kathryn Evanson,united states district judge for the western district of washington,"Tuesday, November 15, 2022", western district of washington
President Of Seattle University,Kymberly Kathryn Evanson,united states district judge for the western district of washington,"Tuesday, November 15, 2022", western district of washington
Seattle Assistant City Attorney,Kymberly Kathryn Evanson,united states district judge for the western district of washington,"Tuesday, November 15, 2022", western district of washington
WDWA FBA,Kymberly Kathryn Evanson,united states district judge for the western district of washington,"Tuesday, November 15, 2022", western district of washington
AALAM,Myong J. Joun,united states district judge for the district of massachusetts,"Tuesday, November 15, 2022", district of massachusetts
Boston Municipal Court Judges,Myong J. Joun,united states district judge for the district of massachusetts,"Tuesday, November 15, 2022", district of massachusetts
Former Boston Police Commissioner Evans,Myong J. Joun,united states district judge for the district of massachusetts,"Tuesday, November 15, 2022", district of massachusetts
Former Police Chief And Commissioner Edward Davis,Myong J. Joun,united states district judge for the district of massachusetts,"Tuesday, November 15, 2022", district of massachusetts
Former USA,Myong J. Joun,united states district judge for the district of massachusetts,"Tuesday, November 15, 2022", district of massachusetts
Justice Geraldine S. Hines,Myong J. Joun,united states district judge for the district of massachusetts,"Tuesday, November 15, 2022", district of massachusetts
Suffolk County Assistant DAs,Myong J. Joun,united states district judge for the district of massachusetts,"Tuesday, November 15, 2022", district of massachusetts
AFJ,Myong J. Joun,united states district judge for the district of massachusetts,"Tuesday, November 15, 2022", district of massachusetts
Justice Peter Cavanagh,Colleen R. Lawless,united states district judge for the central district of illinois,"Tuesday, November 15, 2022", central district of illinois
Gordon Gates,Colleen R. Lawless,united states district judge for the central district of illinois,"Tuesday, November 15, 2022", central district of illinois
Howard Feldman,Colleen R. Lawless,united states district judge for the central district of illinois,"Tuesday, November 15, 2022", central district of illinois
IL 7th Circuit Judges,Colleen R. Lawless,united states district judge for the central district of illinois,"Tuesday, November 15, 2022", central district of illinois
Judge Maurer,Colleen R. Lawless,united states district judge for the central district of illinois,"Tuesday, November 15, 2022", central district of illinois
Sojourn,Colleen R. Lawless,united states district judge for the central district of illinois,"Tuesday, November 15, 2022", central district of illinois
Former Justice Stevens Clerks,Daniel J. Calabretta,united states district judge for the eastern district of california,"Wednesday, October 12, 2022", eastern district of california
Judge Bowman,Daniel J. Calabretta,united states district judge for the eastern district of california,"Wednesday, October 12, 2022", eastern district of california
Sacramento County Superior Court Judges,Daniel J. Calabretta,united states district judge for the eastern district of california,"Wednesday, October 12, 2022", eastern district of california
AFJ,Daniel J. Calabretta,united states district judge for the eastern district of california,"Wednesday, October 12, 2022", eastern district of california
New Mexico AG Balderas,Matthew L. Garcia,united states district judge for the district of new mexico,"Wednesday, October 12, 2022", district of new mexico
NM Trial Lawyers Association,Matthew L. Garcia,united states district judge for the district of new mexico,"Wednesday, October 12, 2022", district of new mexico
Secretary Of DPS Bowie And State Police Chief Johnson,Matthew L. Garcia,united states district judge for the district of new mexico,"Wednesday, October 12, 2022", district of new mexico
Former USA John Anderson,Matthew L. Garcia,united states district judge for the district of new mexico,"Wednesday, October 12, 2022", district of new mexico
Judge William Johnson,Matthew L. Garcia,united states district judge for the district of new mexico,"Wednesday, October 12, 2022", district of new mexico
NM Republican Party General Counsel Harrison,Matthew L. Garcia,united states district judge for the district of new mexico,"Wednesday, October 12, 2022", district of new mexico
Judge James Browning,Matthew L. Garcia,united states district judge for the district of new mexico,"Wednesday, October 12, 2022", district of new mexico
New Mexico Legal Community,Matthew L. Garcia,united states district judge for the district of new mexico,"Wednesday, October 12, 2022", district of new mexico
AFJ,Matthew L. Garcia,united states district judge for the district of new mexico,"Wednesday, October 12, 2022", district of new mexico
Cincinnati Professionals,Jeffery Paul Hopkins,united states district judge for the southern district of ohio,"Wednesday, October 12, 2022", southern district of ohio
Federal Defenders,Lindsay C. Jenkins,united states district judge for the northern district of illinois,"Wednesday, October 12, 2022", northern district of illinois
Former Republican State Legislator Max Williams,Adrienne C. Nelson,united states district judge for the district of oregon,"Wednesday, October 12, 2022", district of oregon
Former US Attorney,Adrienne C. Nelson,united states district judge for the district of oregon,"Wednesday, October 12, 2022", district of oregon
Oregon Supreme Court Justices,Adrienne C. Nelson,united states district judge for the district of oregon,"Wednesday, October 12, 2022", district of oregon
Sheriff Michael Reese,Adrienne C. Nelson,united states district judge for the district of oregon,"Wednesday, October 12, 2022", district of oregon
Benton County District Attorney,Adrienne C. Nelson,united states district judge for the district of oregon,"Wednesday, October 12, 2022", district of oregon
Columbia County DA,Adrienne C. Nelson,united states district judge for the district of oregon,"Wednesday, October 12, 2022", district of oregon
Former Republican Senate Staffer And ED Of OR Historical Society,Adrienne C. Nelson,united states district judge for the district of oregon,"Wednesday, October 12, 2022", district of oregon
Wasco County DAs,Adrienne C. Nelson,united states district judge for the district of oregon,"Wednesday, October 12, 2022", district of oregon
AFJ,Adrienne C. Nelson,united states district judge for the district of oregon,"Wednesday, October 12, 2022", district of oregon
Portland Business Alliance,Adrienne C. Nelson,united states district judge for the district of oregon,"Wednesday, October 12, 2022", district of oregon
NOBLE,Adrienne C. Nelson,united states district judge for the district of oregon,"Wednesday, October 12, 2022", district of oregon
"""Chief Of Worcester County DAs Office""",Margaret R. Guzman,united states district judge for the district of massachusetts,"Wednesday, September 21, 2022", district of massachusetts
Committee On Public Counsel Services Colleagues,Margaret R. Guzman,united states district judge for the district of massachusetts,"Wednesday, September 21, 2022", district of massachusetts
Educator,Margaret R. Guzman,united states district judge for the district of massachusetts,"Wednesday, September 21, 2022", district of massachusetts
Former Assistant DA,Margaret R. Guzman,united states district judge for the district of massachusetts,"Wednesday, September 21, 2022", district of massachusetts
Former State Senator And DA Conte,Margaret R. Guzman,united states district judge for the district of massachusetts,"Wednesday, September 21, 2022", district of massachusetts
Justice Mehta,Margaret R. Guzman,united states district judge for the district of massachusetts,"Wednesday, September 21, 2022", district of massachusetts
President Of Justice Harry J. Elam Judicial Conference,Margaret R. Guzman,united states district judge for the district of massachusetts,"Wednesday, September 21, 2022", district of massachusetts
Worcester County Bar Association,Margaret R. Guzman,united states district judge for the district of massachusetts,"Wednesday, September 21, 2022", district of massachusetts
Worcester Regional Chamber Of Commerce,Margaret R. Guzman,united states district judge for the district of massachusetts,"Wednesday, September 21, 2022", district of massachusetts
Dismas House,Margaret R. Guzman,united states district judge for the district of massachusetts,"Wednesday, September 21, 2022", district of massachusetts
Four Assistant DAs,Margaret R. Guzman,united states district judge for the district of massachusetts,"Wednesday, September 21, 2022", district of massachusetts
Chief Justice Dawley,Margaret R. Guzman,united states district judge for the district of massachusetts,"Wednesday, September 21, 2022", district of massachusetts
EDVA Judge Jackson,Jamar K. Walker,united states district judge for the eastern district of virginia,"Wednesday, September 21, 2022", eastern district of virginia
Former EDVA U.S. Attorneys,Jamar K. Walker,united states district judge for the eastern district of virginia,"Wednesday, September 21, 2022", eastern district of virginia
Former Prosecutors And Public Defenders,Jamar K. Walker,united states district judge for the eastern district of virginia,"Wednesday, September 21, 2022", eastern district of virginia
Presiding Elder Of VA Conference Of The AME,Jamar K. Walker,united states district judge for the eastern district of virginia,"Wednesday, September 21, 2022", eastern district of virginia
AFJ,Jamal N. Whitehead,united states district judge for the western district of washington,"Wednesday, September 21, 2022", western district of washington
Law Partner Lindsay Halm,Jamal N. Whitehead,united states district judge for the western district of washington,"Wednesday, September 21, 2022", western district of washington
Mentee Christopher Sanders,Jamal N. Whitehead,united states district judge for the western district of washington,"Wednesday, September 21, 2022", western district of washington
National Employment Lawyers Association,Jamal N. Whitehead,united states district judge for the western district of washington,"Wednesday, September 21, 2022", western district of washington
Seattle University Law Dean Varona,Jamal N. Whitehead,united states district judge for the western district of washington,"Wednesday, September 21, 2022", western district of washington
WA Disability Rights Orgs,Jamal N. Whitehead,united states district judge for the western district of washington,"Wednesday, September 21, 2022", western district of washington
WDWA FBA,Jamal N. Whitehead,united states district judge for the western district of washington,"Wednesday, September 21, 2022", western district of washington
WA Employment Lawyers Association,Jamal N. Whitehead,united states district judge for the western district of washington,"Wednesday, September 21, 2022", western district of washington
Washington State Association For Justice,Jamal N. Whitehead,united states district judge for the western district of washington,"Wednesday, September 21, 2022", western district of washington
"""Barristers Assoc. Of Philadelphia""",Kelley Brisbon Hodge,united states district judge for the eastern district of pennsylvania,"Wednesday, September 7, 2022", eastern district of pennsylvania
Philadelphia Bar Assoc.,Kelley Brisbon Hodge,united states district judge for the eastern district of pennsylvania,"Wednesday, September 7, 2022", eastern district of pennsylvania
Former PBA President,Kelley Brisbon Hodge,united states district judge for the eastern district of pennsylvania,"Wednesday, September 7, 2022", eastern district of pennsylvania
Judge Neifield,Kelley Brisbon Hodge,united states district judge for the eastern district of pennsylvania,"Wednesday, September 7, 2022", eastern district of pennsylvania
Opposing Counsel,Kelley Brisbon Hodge,united states district judge for the eastern district of pennsylvania,"Wednesday, September 7, 2022", eastern district of pennsylvania
Academia,Kelley Brisbon Hodge,united states district judge for the eastern district of pennsylvania,"Wednesday, September 7, 2022", eastern district of pennsylvania
Current And Former Prosecutors,Kelley Brisbon Hodge,united states district judge for the eastern district of pennsylvania,"Wednesday, September 7, 2022", eastern district of pennsylvania
PA Commission On Crime And Delinquency,Kelley Brisbon Hodge,united states district judge for the eastern district of pennsylvania,"Wednesday, September 7, 2022", eastern district of pennsylvania
Deputy Dir. Of Human Relations,Kelley Brisbon Hodge,united states district judge for the eastern district of pennsylvania,"Wednesday, September 7, 2022", eastern district of pennsylvania
Former Chancellor Of PBA,Kelley Brisbon Hodge,united states district judge for the eastern district of pennsylvania,"Wednesday, September 7, 2022", eastern district of pennsylvania
PA DA Association,Kelley Brisbon Hodge,united states district judge for the eastern district of pennsylvania,"Wednesday, September 7, 2022", eastern district of pennsylvania
VA Defender,Kelley Brisbon Hodge,united states district judge for the eastern district of pennsylvania,"Wednesday, September 7, 2022", eastern district of pennsylvania
UVA Professor Robinson,Kelley Brisbon Hodge,united states district judge for the eastern district of pennsylvania,"Wednesday, September 7, 2022", eastern district of pennsylvania
Colleague,John Frank Murphy,united states district judge for the eastern district of pennsylvania,"Wednesday, September 7, 2022", eastern district of pennsylvania
Former Co-Counsel,John Frank Murphy,united states district judge for the eastern district of pennsylvania,"Wednesday, September 7, 2022", eastern district of pennsylvania
Former Federal Circuit Clerks,John Frank Murphy,united states district judge for the eastern district of pennsylvania,"Wednesday, September 7, 2022", eastern district of pennsylvania
Law Professor,John Frank Murphy,united states district judge for the eastern district of pennsylvania,"Wednesday, September 7, 2022", eastern district of pennsylvania
TACT Owner,Mia Roberts Perez,united states district judge for the eastern district of pennsylvania,"Wednesday, September 7, 2022", eastern district of pennsylvania
"""Barristers Association""",Mia Roberts Perez,united states district judge for the eastern district of pennsylvania,"Wednesday, September 7, 2022", eastern district of pennsylvania
Temple Law,Mia Roberts Perez,united states district judge for the eastern district of pennsylvania,"Wednesday, September 7, 2022", eastern district of pennsylvania
PA Legal Community,Mia Roberts Perez,united states district judge for the eastern district of pennsylvania,"Wednesday, September 7, 2022", eastern district of pennsylvania
Defender Association Of Philadelphia,Mia Roberts Perez,united states district judge for the eastern district of pennsylvania,"Wednesday, September 7, 2022", eastern district of pennsylvania
Temple Faculty,Mia Roberts Perez,united states district judge for the eastern district of pennsylvania,"Wednesday, September 7, 2022", eastern district of pennsylvania
Philadelphia Bar Association,Mia Roberts Perez,united states district judge for the eastern district of pennsylvania,"Wednesday, September 7, 2022", eastern district of pennsylvania
AFJ,Mia Roberts Perez,united states district judge for the eastern district of pennsylvania,"Wednesday, September 7, 2022", eastern district of pennsylvania
Former Clerks And Interns,Mia Roberts Perez,united states district judge for the eastern district of pennsylvania,"Wednesday, September 7, 2022", eastern district of pennsylvania
Former Federal Prosecutors,Mia Roberts Perez,united states district judge for the eastern district of pennsylvania,"Wednesday, September 7, 2022", eastern district of pennsylvania
Former Temple Students,Mia Roberts Perez,united states district judge for the eastern district of pennsylvania,"Wednesday, September 7, 2022", eastern district of pennsylvania
PA Criminal Defense Attorneys,Mia Roberts Perez,united states district judge for the eastern district of pennsylvania,"Wednesday, September 7, 2022", eastern district of pennsylvania
PA Hispanic Legal Community,Mia Roberts Perez,united states district judge for the eastern district of pennsylvania,"Wednesday, September 7, 2022", eastern district of pennsylvania
"""Philadelphia DAs Office""",Mia Roberts Perez,united states district judge for the eastern district of pennsylvania,"Wednesday, September 7, 2022", eastern district of pennsylvania
Mont Co Sheriff,Mia Roberts Perez,united states district judge for the eastern district of pennsylvania,"Wednesday, September 7, 2022", eastern district of pennsylvania
APABA-PA,Mia Roberts Perez,united states district judge for the eastern district of pennsylvania,"Wednesday, September 7, 2022", eastern district of pennsylvania
Former Prosecutors,Kai N. Scott,united states district judge for the eastern district of pennsylvania,"Wednesday, September 7, 2022", eastern district of pennsylvania
"""Barristers Association""",Kai N. Scott,united states district judge for the eastern district of pennsylvania,"Wednesday, September 7, 2022", eastern district of pennsylvania
Temple Law,Kai N. Scott,united states district judge for the eastern district of pennsylvania,"Wednesday, September 7, 2022", eastern district of pennsylvania
Former Law Clerks,Kai N. Scott,united states district judge for the eastern district of pennsylvania,"Wednesday, September 7, 2022", eastern district of pennsylvania
Philadelphia Bar Association,Kai N. Scott,united states district judge for the eastern district of pennsylvania,"Wednesday, September 7, 2022", eastern district of pennsylvania
Criminal And Public Defender,Kai N. Scott,united states district judge for the eastern district of pennsylvania,"Wednesday, September 7, 2022", eastern district of pennsylvania
Former Federal Prosecutors,Kai N. Scott,united states district judge for the eastern district of pennsylvania,"Wednesday, September 7, 2022", eastern district of pennsylvania
Mentee,Kai N. Scott,united states district judge for the eastern district of pennsylvania,"Wednesday, September 7, 2022", eastern district of pennsylvania
Former Federal Prosecutors,Jerry W. Blackwell,united states district judge for the district of minnesota,"Wednesday, July 27, 2022", district of minnesota
NOBLE,Jerry W. Blackwell,united states district judge for the district of minnesota,"Wednesday, July 27, 2022", district of minnesota
Current And Former Police Chiefs,Jerry W. Blackwell,united states district judge for the district of minnesota,"Wednesday, July 27, 2022", district of minnesota
NAWL,Anne M. Nardacci,united states district judge for the northern district of new york,"Wednesday, July 27, 2022", northern district of new york
NY Bar Association,Anne M. Nardacci,united states district judge for the northern district of new york,"Wednesday, July 27, 2022", northern district of new york
Former AUSAs And Terwilliger,Elizabeth Wilson Hanes,united states district judge for the eastern district of virginia,"Wednesday, June 22, 2022", eastern district of virginia
Former Opposing Counsel,Elizabeth Wilson Hanes,united states district judge for the eastern district of virginia,"Wednesday, June 22, 2022", eastern district of virginia
Adam Hoeflich,Ana C. Reyes,united states district judge for the district of columbia,"Wednesday, June 22, 2022", district of columbia
HBA DC,Ana C. Reyes,united states district judge for the district of columbia,"Wednesday, June 22, 2022", district of columbia
Williams & Connolly Partners And Senior Counsel,Ana C. Reyes,united states district judge for the district of columbia,"Wednesday, June 22, 2022", district of columbia
Justin Dillon,Ana C. Reyes,united states district judge for the district of columbia,"Wednesday, June 22, 2022", district of columbia
Professor Richard Fallon,Ana C. Reyes,united states district judge for the district of columbia,"Wednesday, June 22, 2022", district of columbia
WBA-DC,Ana C. Reyes,united states district judge for the district of columbia,"Wednesday, June 22, 2022", district of columbia
President Of Transylvania University Brien Lewis,Ana C. Reyes,united states district judge for the district of columbia,"Wednesday, June 22, 2022", district of columbia
David Aufhauser And Whitten Peters,Ana C. Reyes,united states district judge for the district of columbia,"Wednesday, June 22, 2022", district of columbia
Williams And Connolly Partner Douglas Marvin,Ana C. Reyes,united states district judge for the district of columbia,"Wednesday, June 22, 2022", district of columbia
Beth Malcom,Ana C. Reyes,united states district judge for the district of columbia,"Wednesday, June 22, 2022", district of columbia
President Of KY YMCA,Ana C. Reyes,united states district judge for the district of columbia,"Wednesday, June 22, 2022", district of columbia
Congressional Hispanic Caucus,Ana C. Reyes,united states district judge for the district of columbia,"Wednesday, June 22, 2022", district of columbia
Dolores Huerta,Ana C. Reyes,united states district judge for the district of columbia,"Wednesday, June 22, 2022", district of columbia
HNBA,Ana C. Reyes,united states district judge for the district of columbia,"Wednesday, June 22, 2022", district of columbia
LeGaL,Ana C. Reyes,united states district judge for the district of columbia,"Wednesday, June 22, 2022", district of columbia
Unlikely Heroes,Ana C. Reyes,united states district judge for the district of columbia,"Wednesday, June 22, 2022", district of columbia
Current And Retired Members Of RI Judiciary,Lara E. Montecalvo,united states district judge for the western district of washington,"Wednesday, May 25, 2022", western district of washington
RI Supreme Court Justices,Lara E. Montecalvo,united states district judge for the western district of washington,"Wednesday, May 25, 2022", western district of washington
Current And Retired LEOs,Lara E. Montecalvo,united states district judge for the western district of washington,"Wednesday, May 25, 2022", western district of washington
AFJ,Lara E. Montecalvo,united states district judge for the western district of washington,"Wednesday, May 25, 2022", western district of washington
PFAW,Lara E. Montecalvo,united states district judge for the western district of washington,"Wednesday, May 25, 2022", western district of washington
Former Prosecutors,Lara E. Montecalvo,united states district judge for the western district of washington,"Wednesday, May 25, 2022", western district of washington
Co-Chairs Of Local Rules Committee,Tiffany M. Cartwright,united states district judge for the district of colorado,"Wednesday, May 25, 2022", district of colorado
FBA,Tiffany M. Cartwright,united states district judge for the district of colorado,"Wednesday, May 25, 2022", district of colorado
Cheryl Bishop,Tiffany M. Cartwright,united states district judge for the district of colorado,"Wednesday, May 25, 2022", district of colorado
Craig C. Martin,Tiffany M. Cartwright,united states district judge for the district of colorado,"Wednesday, May 25, 2022", district of colorado
Former Alaska Appellate Law Clerks,Tiffany M. Cartwright,united states district judge for the district of colorado,"Wednesday, May 25, 2022", district of colorado
Former Stanford Law Classmates,Tiffany M. Cartwright,united states district judge for the district of colorado,"Wednesday, May 25, 2022", district of colorado
Shayna Murphy,Tiffany M. Cartwright,united states district judge for the district of colorado,"Wednesday, May 25, 2022", district of colorado
Stanford Law SCOTUS Clinic Director Jeff Fisher,Tiffany M. Cartwright,united states district judge for the district of colorado,"Wednesday, May 25, 2022", district of colorado
WA Employment Lawyers Association,Tiffany M. Cartwright,united states district judge for the district of colorado,"Wednesday, May 25, 2022", district of colorado
WDWA FBA Local Rules Committee,Tiffany M. Cartwright,united states district judge for the district of colorado,"Wednesday, May 25, 2022", district of colorado
Former Clerks To Judge Betty Binns Fletcher,Tiffany M. Cartwright,united states district judge for the district of colorado,"Wednesday, May 25, 2022", district of colorado
WSAJ,Tiffany M. Cartwright,united states district judge for the district of colorado,"Wednesday, May 25, 2022", district of colorado
AFJ,Tiffany M. Cartwright,united states district judge for the district of colorado,"Wednesday, May 25, 2022", district of colorado
LCCHR,Nancy L. Maldonado,united states district judge for the northern district of illinois,"Wednesday, May 11, 2022", northern district of illinois
NELA,Nancy L. Maldonado,united states district judge for the northern district of illinois,"Wednesday, May 11, 2022", northern district of illinois
PFAW,Nancy L. Maldonado,united states district judge for the northern district of illinois,"Wednesday, May 11, 2022", northern district of illinois
AFJ,Nancy L. Maldonado,united states district judge for the northern district of illinois,"Wednesday, May 11, 2022", northern district of illinois
"""Barristers Assoc Of Philadelphia""",Gregory Brian Williams,united states district judge for the district of delaware,"Wednesday, May 11, 2022", district of delaware
Former Opposing Counsel,Nusrat Jahan Choudhury,united states district judge for the eastern district of new york,"Wednesday, April 27, 2022", eastern district of new york
NAPAWF,Nusrat Jahan Choudhury,united states district judge for the eastern district of new york,"Wednesday, April 27, 2022", eastern district of new york
Ret. Judge Libby Hines,Nusrat Jahan Choudhury,united states district judge for the eastern district of new york,"Wednesday, April 27, 2022", eastern district of new york
SABA NA,Nusrat Jahan Choudhury,united states district judge for the eastern district of new york,"Wednesday, April 27, 2022", eastern district of new york
SAFA,Nusrat Jahan Choudhury,united states district judge for the eastern district of new york,"Wednesday, April 27, 2022", eastern district of new york
Janice Carter,Nusrat Jahan Choudhury,united states district judge for the eastern district of new york,"Wednesday, April 27, 2022", eastern district of new york
John Clopper,Nusrat Jahan Choudhury,united states district judge for the eastern district of new york,"Wednesday, April 27, 2022", eastern district of new york
Institute For Justice Attorney,Nusrat Jahan Choudhury,united states district judge for the eastern district of new york,"Wednesday, April 27, 2022", eastern district of new york
Bipartisan Group Of Legal Scholars,Nusrat Jahan Choudhury,united states district judge for the eastern district of new york,"Wednesday, April 27, 2022", eastern district of new york
Choudhury Mentees,Nusrat Jahan Choudhury,united states district judge for the eastern district of new york,"Wednesday, April 27, 2022", eastern district of new york
PFAW,Nusrat Jahan Choudhury,united states district judge for the eastern district of new york,"Wednesday, April 27, 2022", eastern district of new york
Muslim Advocates,Nusrat Jahan Choudhury,united states district judge for the eastern district of new york,"Wednesday, April 27, 2022", eastern district of new york
Diverse Interfaith Orgs,Nusrat Jahan Choudhury,united states district judge for the eastern district of new york,"Wednesday, April 27, 2022", eastern district of new york
LCCHR,Nusrat Jahan Choudhury,united states district judge for the eastern district of new york,"Wednesday, April 27, 2022", eastern district of new york
Lawyers Committee,Nusrat Jahan Choudhury,united states district judge for the eastern district of new york,"Wednesday, April 27, 2022", eastern district of new york
NELA NY,Nusrat Jahan Choudhury,united states district judge for the eastern district of new york,"Wednesday, April 27, 2022", eastern district of new york
Libby Hines Amended,Nusrat Jahan Choudhury,united states district judge for the eastern district of new york,"Wednesday, April 27, 2022", eastern district of new york
Police Chief Terrence Gordon,Nusrat Jahan Choudhury,united states district judge for the eastern district of new york,"Wednesday, April 27, 2022", eastern district of new york
Current And Former Prosecutors,Nusrat Jahan Choudhury,united states district judge for the eastern district of new york,"Wednesday, April 27, 2022", eastern district of new york
Gerald Blessey,Nusrat Jahan Choudhury,united states district judge for the eastern district of new york,"Wednesday, April 27, 2022", eastern district of new york
Naomi Gehling,Nusrat Jahan Choudhury,united states district judge for the eastern district of new york,"Wednesday, April 27, 2022", eastern district of new york
PFAW,Natasha C. Merle,united states district judge for the eastern district of new york,"Wednesday, April 27, 2022", eastern district of new york
NELA NY,Natasha C. Merle,united states district judge for the eastern district of new york,"Wednesday, April 27, 2022", eastern district of new york
19 Law Firm Attorneys,Natasha C. Merle,united states district judge for the eastern district of new york,"Wednesday, April 27, 2022", eastern district of new york
LCCHR,Natasha C. Merle,united states district judge for the eastern district of new york,"Wednesday, April 27, 2022", eastern district of new york
LDF,Natasha C. Merle,united states district judge for the eastern district of new york,"Wednesday, April 27, 2022", eastern district of new york
Lawyers Committee,Natasha C. Merle,united states district judge for the eastern district of new york,"Wednesday, April 27, 2022", eastern district of new york
NOBLE,Natasha C. Merle,united states district judge for the eastern district of new york,"Wednesday, April 27, 2022", eastern district of new york
Jeffrey Gracer,Jennifer H. Rearden,united states district judge for the southern district of new york,"Wednesday, March 2, 2022", southern district of new york
Professor Gerrard,Jennifer H. Rearden,united states district judge for the southern district of new york,"Wednesday, March 2, 2022", southern district of new york
Urban Justice Center,Jennifer H. Rearden,united states district judge for the southern district of new york,"Wednesday, March 2, 2022", southern district of new york
Dean Boozang,Evelyn Padin,united states district judge for the district of new jersey,"Wednesday, March 2, 2022", district of new jersey
Seton Hall School Of Law,Evelyn Padin,united states district judge for the district of new jersey,"Wednesday, March 2, 2022", district of new jersey
Hudson County Bar Association,Evelyn Padin,united states district judge for the district of new jersey,"Wednesday, March 2, 2022", district of new jersey
Assistant Presiding Judge Jessner,Sherilyn Peace Garnett,united states district judge for the central district of california,"Wednesday, February 16, 2022", central district of california
Former Supervisees And Mentees,Sherilyn Peace Garnett,united states district judge for the central district of california,"Wednesday, February 16, 2022", central district of california
Jeremy Margolis,Sherilyn Peace Garnett,united states district judge for the central district of california,"Wednesday, February 16, 2022", central district of california
Alan Vinegrad,Nina Morrison,united states district judge for the eastern district of new york,"Wednesday, February 16, 2022", eastern district of new york
Michael Morton,Nina Morrison,united states district judge for the eastern district of new york,"Wednesday, February 16, 2022", eastern district of new york
Barry Scheck,Nina Morrison,united states district judge for the eastern district of new york,"Wednesday, February 16, 2022", eastern district of new york
Clark Neily,Nina Morrison,united states district judge for the eastern district of new york,"Wednesday, February 16, 2022", eastern district of new york
Felipe Rodriguez,Nina Morrison,united states district judge for the eastern district of new york,"Wednesday, February 16, 2022", eastern district of new york
Mary And Gary Dedge,Nina Morrison,united states district judge for the eastern district of new york,"Wednesday, February 16, 2022", eastern district of new york
Matt Manning,Nina Morrison,united states district judge for the eastern district of new york,"Wednesday, February 16, 2022", eastern district of new york
Wilton Dedge,Nina Morrison,united states district judge for the eastern district of new york,"Wednesday, February 16, 2022", eastern district of new york
Criminal District Attorney Sharen Wilson,Nina Morrison,united states district judge for the eastern district of new york,"Wednesday, February 16, 2022", eastern district of new york
Zachary Margulis-Ohnuma,Nina Morrison,united states district judge for the eastern district of new york,"Wednesday, February 16, 2022", eastern district of new york
Jeffrey Deskovic,Nina Morrison,united states district judge for the eastern district of new york,"Wednesday, February 16, 2022", eastern district of new york
Robert Masters,Nina Morrison,united states district judge for the eastern district of new york,"Wednesday, February 16, 2022", eastern district of new york
Brandon Moon,Nina Morrison,united states district judge for the eastern district of new york,"Wednesday, February 16, 2022", eastern district of new york
John Nolley,Nina Morrison,united states district judge for the eastern district of new york,"Wednesday, February 16, 2022", eastern district of new york
Crime Survivors,Nina Morrison,united states district judge for the eastern district of new york,"Wednesday, February 16, 2022", eastern district of new york
Anthony Wright,Nina Morrison,united states district judge for the eastern district of new york,"Wednesday, February 16, 2022", eastern district of new york
Judge Huey Cotton,Trina L. Thompson,united states district judge for the northern district of california,"Wednesday, February 16, 2022", northern district of california
Judge Paul Bacigalupo,Trina L. Thompson,united states district judge for the northern district of california,"Wednesday, February 16, 2022", northern district of california
Judge Jo-Lynne Lee,Trina L. Thompson,united states district judge for the northern district of california,"Wednesday, February 16, 2022", northern district of california
Joseph Goldstein-Breyer,Trina L. Thompson,united states district judge for the northern district of california,"Wednesday, February 16, 2022", northern district of california
Deputy PD,Trina L. Thompson,united states district judge for the northern district of california,"Wednesday, February 16, 2022", northern district of california
Judge Smiley,Trina L. Thompson,united states district judge for the northern district of california,"Wednesday, February 16, 2022", northern district of california
APALIE,Kenly Kiya Kato,united states district judge for the central district of california,"Tuesday, February 1, 2022", central district of california
IEFBA,Kenly Kiya Kato,united states district judge for the central district of california,"Tuesday, February 1, 2022", central district of california
San Bernardino County Superior Court Judges,Kenly Kiya Kato,united states district judge for the central district of california,"Tuesday, February 1, 2022", central district of california
Harold Weinberger,Jennifer Louise Rochon,united states district judge for the southern district of new york,"Tuesday, February 1, 2022", southern district of new york
CEO GS Of Eastern IA And Western IL,Jennifer Louise Rochon,united states district judge for the southern district of new york,"Tuesday, February 1, 2022", southern district of new york
CEO GS Of NC Coastal Pines,Jennifer Louise Rochon,united states district judge for the southern district of new york,"Tuesday, February 1, 2022", southern district of new york
Judge Monterosso,Sunshine Suzanne Sykes,united states district judge for the central district of california,"Tuesday, February 1, 2022", central district of california
CA Justice Fields,Sunshine Suzanne Sykes,united states district judge for the central district of california,"Tuesday, February 1, 2022", central district of california
Imperial County Board Of Supervisors,Ruth Bermudez Montenegro,united states district judge for the southern district of california,"Wednesday, December 15, 2021", southern district of california
Campbell,Cristina D. Silva,united states district judge for the district of nevada,"Wednesday, December 15, 2021", district of nevada
Judge Susan Johnson,Cristina D. Silva,united states district judge for the district of nevada,"Wednesday, December 15, 2021", district of nevada
West Allen Past President FBA,Cristina D. Silva,united states district judge for the district of nevada,"Wednesday, December 15, 2021", district of nevada
West Allen Past President FBA,Anne Rachel Traum,united states district judge for the district of nevada,"Wednesday, December 15, 2021", district of nevada
Boyd Law Faculty,Anne Rachel Traum,united states district judge for the district of nevada,"Wednesday, December 15, 2021", district of nevada
Prosecutors And AUSAs,Victoria Marie Calvert,united states district judge for the northern district of georgia,"Wednesday, December 1, 2021", northern district of georgia
GACDL,Victoria Marie Calvert,united states district judge for the northern district of georgia,"Wednesday, December 1, 2021", northern district of georgia
NOBLE,Victoria Marie Calvert,united states district judge for the northern district of georgia,"Wednesday, December 1, 2021", northern district of georgia
Bipartisan Admin Officials,Victoria Marie Calvert,united states district judge for the northern district of georgia,"Wednesday, December 1, 2021", northern district of georgia
Devon Orland,Sarah Elisabeth Geraghty,united states district judge for the northern district of georgia,"Wednesday, December 1, 2021", northern district of georgia
Joe Loveland,Sarah Elisabeth Geraghty,united states district judge for the northern district of georgia,"Wednesday, December 1, 2021", northern district of georgia
Kilpatrick Townsend Partners,Sarah Elisabeth Geraghty,united states district judge for the northern district of georgia,"Wednesday, December 1, 2021", northern district of georgia
Norman Fletcher,Sarah Elisabeth Geraghty,united states district judge for the northern district of georgia,"Wednesday, December 1, 2021", northern district of georgia
Raleigh Rollins,Sarah Elisabeth Geraghty,united states district judge for the northern district of georgia,"Wednesday, December 1, 2021", northern district of georgia
Ann Fort,Sarah Elisabeth Geraghty,united states district judge for the northern district of georgia,"Wednesday, December 1, 2021", northern district of georgia
Southern Center,Sarah Elisabeth Geraghty,united states district judge for the northern district of georgia,"Wednesday, December 1, 2021", northern district of georgia
Verrilli,Sarah Elisabeth Geraghty,united states district judge for the northern district of georgia,"Wednesday, December 1, 2021", northern district of georgia
Caplan,Sarah Elisabeth Geraghty,united states district judge for the northern district of georgia,"Wednesday, December 1, 2021", northern district of georgia
GACDL,Sarah Elisabeth Geraghty,united states district judge for the northern district of georgia,"Wednesday, December 1, 2021", northern district of georgia
Hyde,Sarah Elisabeth Geraghty,united states district judge for the northern district of georgia,"Wednesday, December 1, 2021", northern district of georgia
Jim Blitch,Sarah Elisabeth Geraghty,united states district judge for the northern district of georgia,"Wednesday, December 1, 2021", northern district of georgia
Mark Post,Sarah Elisabeth Geraghty,united states district judge for the northern district of georgia,"Wednesday, December 1, 2021", northern district of georgia
Michelle Arrington,Sarah Elisabeth Geraghty,united states district judge for the northern district of georgia,"Wednesday, December 1, 2021", northern district of georgia
NOBLE,Sarah Elisabeth Geraghty,united states district judge for the northern district of georgia,"Wednesday, December 1, 2021", northern district of georgia
Sheriff Maddox,Sarah Elisabeth Geraghty,united states district judge for the northern district of georgia,"Wednesday, December 1, 2021", northern district of georgia
Law Firm Practitioners,Dale E. Ho,united states district judge for the southern district of new york,"Wednesday, December 1, 2021", southern district of new york
Michael Kimberly,Dale E. Ho,united states district judge for the southern district of new york,"Wednesday, December 1, 2021", southern district of new york
Hasen,Dale E. Ho,united states district judge for the southern district of new york,"Wednesday, December 1, 2021", southern district of new york
90+ YLS Classmates,Dale E. Ho,united states district judge for the southern district of new york,"Wednesday, December 1, 2021", southern district of new york
Election Law Professors,Dale E. Ho,united states district judge for the southern district of new york,"Wednesday, December 1, 2021", southern district of new york
Robert Smith,Dale E. Ho,united states district judge for the southern district of new york,"Wednesday, December 1, 2021", southern district of new york
74 Former Students And Interns,Dale E. Ho,united states district judge for the southern district of new york,"Wednesday, December 1, 2021", southern district of new york
NAPABA,Dale E. Ho,united states district judge for the southern district of new york,"Wednesday, December 1, 2021", southern district of new york
NCJW,Dale E. Ho,united states district judge for the southern district of new york,"Wednesday, December 1, 2021", southern district of new york
AAPI,Dale E. Ho,united states district judge for the southern district of new york,"Wednesday, December 1, 2021", southern district of new york
NAPABA,John H. Chun,united states district judge for the northern district of ohio,"Wednesday, November 17, 2021", northern district of ohio
Jon Meyer,Samantha D. Elliott,united states district judge for the district of new hampshire,"Wednesday, November 3, 2021", district of new hampshire
Caroline Leonard NHWBA,Samantha D. Elliott,united states district judge for the district of new hampshire,"Wednesday, November 3, 2021", district of new hampshire
Chuck Douglas,Samantha D. Elliott,united states district judge for the district of new hampshire,"Wednesday, November 3, 2021", district of new hampshire
Deborah Kein Rein & John Tobin,Samantha D. Elliott,united states district judge for the district of new hampshire,"Wednesday, November 3, 2021", district of new hampshire
George Moore,Samantha D. Elliott,united states district judge for the district of new hampshire,"Wednesday, November 3, 2021", district of new hampshire
Judge Hicks,Samantha D. Elliott,united states district judge for the district of new hampshire,"Wednesday, November 3, 2021", district of new hampshire
Kate Frey,Samantha D. Elliott,united states district judge for the district of new hampshire,"Wednesday, November 3, 2021", district of new hampshire
Kile Adumene,Samantha D. Elliott,united states district judge for the district of new hampshire,"Wednesday, November 3, 2021", district of new hampshire
Federal Defenders Of San Diego,Linda Lopez,united states district judge for the southern district of california,"Wednesday, November 3, 2021", southern district of california
Federal Prosecutors,Linda Lopez,united states district judge for the southern district of california,"Wednesday, November 3, 2021", southern district of california
55 Current And Former Law Enforcement Attorneys,Jinsook Ohta,united states district judge for the southern district of california,"Wednesday, November 3, 2021", southern district of california
NAPABA,Jinsook Ohta,united states district judge for the southern district of california,"Wednesday, November 3, 2021", southern district of california
Charles Peifer,David Herrera Urias,united states district judge for the district of new mexico,"Wednesday, November 3, 2021", district of new mexico
Dean Sergio Pareja,David Herrera Urias,united states district judge for the district of new mexico,"Wednesday, November 3, 2021", district of new mexico
Dennis Maez,David Herrera Urias,united states district judge for the district of new mexico,"Wednesday, November 3, 2021", district of new mexico
Erlinda Ocampo Johnson,David Herrera Urias,united states district judge for the district of new mexico,"Wednesday, November 3, 2021", district of new mexico
Gene Tierney,David Herrera Urias,united states district judge for the district of new mexico,"Wednesday, November 3, 2021", district of new mexico
Jessica Hernandez,David Herrera Urias,united states district judge for the district of new mexico,"Wednesday, November 3, 2021", district of new mexico
Judge Briana Zamora,David Herrera Urias,united states district judge for the district of new mexico,"Wednesday, November 3, 2021", district of new mexico
Judge Martha Vazquez,David Herrera Urias,united states district judge for the district of new mexico,"Wednesday, November 3, 2021", district of new mexico
Lisa Torraco,David Herrera Urias,united states district judge for the district of new mexico,"Wednesday, November 3, 2021", district of new mexico
NMHBA,David Herrera Urias,united states district judge for the district of new mexico,"Wednesday, November 3, 2021", district of new mexico
Matthew Diggs,Mary Katherine Dimke,united states district judge for the eastern district of washington,"Wednesday, October 20, 2021", eastern district of washington
Rick Hoffman,Mary Katherine Dimke,united states district judge for the eastern district of washington,"Wednesday, October 20, 2021", eastern district of washington
Judge Brandlin,Maame Ewusi-Mensah Frimpong,united states district judge for the central district of california,"Wednesday, October 20, 2021", central district of california
Judges Hoffstadt And Rodriguez,Maame Ewusi-Mensah Frimpong,united states district judge for the central district of california,"Wednesday, October 20, 2021", central district of california
Judge Brazile,Maame Ewusi-Mensah Frimpong,united states district judge for the central district of california,"Wednesday, October 20, 2021", central district of california
Judge Gordon,Maame Ewusi-Mensah Frimpong,united states district judge for the central district of california,"Wednesday, October 20, 2021", central district of california
Defense Counsel,Charlotte N. Sweeney,united states district judge for the district of colorado,"Wednesday, October 20, 2021", district of colorado
Former Judges,Charlotte N. Sweeney,united states district judge for the district of colorado,"Wednesday, October 20, 2021", district of colorado
Law Professors,Charlotte N. Sweeney,united states district judge for the district of colorado,"Wednesday, October 20, 2021", district of colorado
Rhodes,Charlotte N. Sweeney,united states district judge for the district of colorado,"Wednesday, October 20, 2021", district of colorado
Shepard,Charlotte N. Sweeney,united states district judge for the district of colorado,"Wednesday, October 20, 2021", district of colorado
Marderosian And Cohen,Jennifer L. Thurston,united states district judge for the eastern district of california,"Wednesday, October 20, 2021", eastern district of california
David Levi,Jennifer L. Thurston,united states district judge for the eastern district of california,"Wednesday, October 20, 2021", eastern district of california
Bird Marella,Hernan D. Vera,united states district judge for the central district of california,"Wednesday, October 20, 2021", central district of california
MABA,Hernan D. Vera,united states district judge for the central district of california,"Wednesday, October 20, 2021", central district of california
Mark Samuels,Hernan D. Vera,united states district judge for the central district of california,"Wednesday, October 20, 2021", central district of california
Public Interest,Hernan D. Vera,united states district judge for the central district of california,"Wednesday, October 20, 2021", central district of california
State Justice Institute,Hernan D. Vera,united states district judge for the central district of california,"Wednesday, October 20, 2021", central district of california
Diverse Group Of Lawyers,Patricia Tolliver Giles,united states district judge for the eastern district of virginia,"Wednesday, July 28, 2021", eastern district of virginia
Former EDVA US Attorneys,Patricia Tolliver Giles,united states district judge for the eastern district of virginia,"Wednesday, July 28, 2021", eastern district of virginia
Diverse Group Of Lawyers,Michael S. Nachmanoff,united states district judge for the eastern district of virginia,"Wednesday, July 28, 2021", eastern district of virginia
Former EDVA US Attorneys,Michael S. Nachmanoff,united states district judge for the eastern district of virginia,"Wednesday, July 28, 2021", eastern district of virginia
Sheriff Dana Lawhorne,Michael S. Nachmanoff,united states district judge for the eastern district of virginia,"Wednesday, July 28, 2021", eastern district of virginia
Sikh Sewak Society International,Sarala Vidya Nagala,united states district judge for the district of connecticut,"Wednesday, July 28, 2021", district of connecticut
State Senator Anwar,Sarala Vidya Nagala,united states district judge for the district of connecticut,"Wednesday, July 28, 2021", district of connecticut
SABA North America,Sarala Vidya Nagala,united states district judge for the district of connecticut,"Wednesday, July 28, 2021", district of connecticut
Munger Tolles Partners,Sarala Vidya Nagala,united states district judge for the district of connecticut,"Wednesday, July 28, 2021", district of connecticut
Former Partners,Sarala Vidya Nagala,united states district judge for the district of connecticut,"Wednesday, July 28, 2021", district of connecticut
Prosecutors,Sarala Vidya Nagala,united states district judge for the district of connecticut,"Wednesday, July 28, 2021", district of connecticut
Criminal Defense Attorneys From CT,Sarala Vidya Nagala,united states district judge for the district of connecticut,"Wednesday, July 28, 2021", district of connecticut
CT Affinity Bars,Sarala Vidya Nagala,united states district judge for the district of connecticut,"Wednesday, July 28, 2021", district of connecticut
NAPABA,Sarala Vidya Nagala,united states district judge for the district of connecticut,"Wednesday, July 28, 2021", district of connecticut
Anti Human Trafficking Advocates,Sarala Vidya Nagala,united states district judge for the district of connecticut,"Wednesday, July 28, 2021", district of connecticut
ADL CT Regional Office,Sarala Vidya Nagala,united states district judge for the district of connecticut,"Wednesday, July 28, 2021", district of connecticut
"""CT Assistant States Attorneys""",Omar Antonio Williams,united states district judge for the district of connecticut,"Wednesday, July 28, 2021", district of connecticut
22 Prosecutors,Jia M. Cobb,united states district judge for the district of columbia,"Wednesday, July 14, 2021", district of columbia
Norton,Jia M. Cobb,united states district judge for the district of columbia,"Wednesday, July 14, 2021", district of columbia
APABA DC,Florence Y. Pan,united states district judge for the district of columbia,"Wednesday, July 14, 2021", district of columbia
Norton,Florence Y. Pan,united states district judge for the district of columbia,"Wednesday, July 14, 2021", district of columbia
AFBNJ,Karen McGlashan Williams,united states district judge for the district of new jersey,"Wednesday, July 14, 2021", district of new jersey
GSBA,Karen McGlashan Williams,united states district judge for the district of new jersey,"Wednesday, July 14, 2021", district of new jersey
NJSBA,Karen McGlashan Williams,united states district judge for the district of new jersey,"Wednesday, July 14, 2021", district of new jersey
Justice Elam Judicial Conference,Angel Kelley,united states district judge for the district of massachusetts,"Wednesday, June 23, 2021", district of massachusetts
MA Association Of Hispanic Attorneys,Angel Kelley,united states district judge for the district of massachusetts,"Wednesday, June 23, 2021", district of massachusetts
Joel Rosen,Christine P. O'Hearn,united states district judge for the district of new jersey,"Wednesday, June 23, 2021", district of new jersey
NJSBA,Christine P. O'Hearn,united states district judge for the district of new jersey,"Wednesday, June 23, 2021", district of new jersey
John C. Connell,Christine P. O'Hearn,united states district judge for the district of new jersey,"Wednesday, June 23, 2021", district of new jersey
Judge Joel Schneider,Christine P. O'Hearn,united states district judge for the district of new jersey,"Wednesday, June 23, 2021", district of new jersey
"""Sean T. OMeara""",Christine P. O'Hearn,united states district judge for the district of new jersey,"Wednesday, June 23, 2021", district of new jersey
Daniel DeFiglio,Christine P. O'Hearn,united states district judge for the district of new jersey,"Wednesday, June 23, 2021", district of new jersey
Lawyers In NJ,Christine P. O'Hearn,united states district judge for the district of new jersey,"Wednesday, June 23, 2021", district of new jersey
NJ State Committee Of American College Of Trial Lawyers,Christine P. O'Hearn,united states district judge for the district of new jersey,"Wednesday, June 23, 2021", district of new jersey
Women Attorneys In NJ,Christine P. O'Hearn,united states district judge for the district of new jersey,"Wednesday, June 23, 2021", district of new jersey
Women Attorneys In NJ Pt. 2,Christine P. O'Hearn,united states district judge for the district of new jersey,"Wednesday, June 23, 2021", district of new jersey
Camden County Bar Association,Christine P. O'Hearn,united states district judge for the district of new jersey,"Wednesday, June 23, 2021", district of new jersey
Ironworkers Local Union 399,Christine P. O'Hearn,united states district judge for the district of new jersey,"Wednesday, June 23, 2021", district of new jersey
PFAW,David G. Estudillo,united states district judge for the western district of washington,"Wednesday, June 9, 2021", western district of washington
Ephrata City Administrator Mike Warren,David G. Estudillo,united states district judge for the western district of washington,"Wednesday, June 9, 2021", western district of washington
Grant County Department Of Public Defense,David G. Estudillo,united states district judge for the western district of washington,"Wednesday, June 9, 2021", western district of washington
Judges Forbes And Ramseyer,David G. Estudillo,united states district judge for the western district of washington,"Wednesday, June 9, 2021", western district of washington
Moses Lake Adoptions Unit,David G. Estudillo,united states district judge for the western district of washington,"Wednesday, June 9, 2021", western district of washington
Moses Lake Mayor Curnel,David G. Estudillo,united states district judge for the western district of washington,"Wednesday, June 9, 2021", western district of washington
Moses Lake Police Chief Kevin Fuhr,David G. Estudillo,united states district judge for the western district of washington,"Wednesday, June 9, 2021", western district of washington
WSAJ,David G. Estudillo,united states district judge for the western district of washington,"Wednesday, June 9, 2021", western district of washington
Judge Riquelme,David G. Estudillo,united states district judge for the western district of washington,"Wednesday, June 9, 2021", western district of washington
AFJ,Lauren J. King,united states district judge for the western district of washington,"Wednesday, June 9, 2021", western district of washington
PFAW,Lauren J. King,united states district judge for the western district of washington,"Wednesday, June 9, 2021", western district of washington
Ewiiaapaayp Band Of Kumeyaay Indians,Lauren J. King,united states district judge for the western district of washington,"Wednesday, June 9, 2021", western district of washington
NCAI And NARF,Lauren J. King,united states district judge for the western district of washington,"Wednesday, June 9, 2021", western district of washington
Samish Indian Nation,Lauren J. King,united states district judge for the western district of washington,"Wednesday, June 9, 2021", western district of washington
Midwest Alliance Of Sovereign Tribes,Lauren J. King,united states district judge for the western district of washington,"Wednesday, June 9, 2021", western district of washington
Nez Perce Tribe,Lauren J. King,united states district judge for the western district of washington,"Wednesday, June 9, 2021", western district of washington
Ponca Tribe Of Nebraska,Lauren J. King,united states district judge for the western district of washington,"Wednesday, June 9, 2021", western district of washington
Association Of American Indian Affairs,Lauren J. King,united states district judge for the western district of washington,"Wednesday, June 9, 2021", western district of washington
Federal Bar Association Of Indian Law Section,Lauren J. King,united states district judge for the western district of washington,"Wednesday, June 9, 2021", western district of washington
GPTCA,Lauren J. King,united states district judge for the western district of washington,"Wednesday, June 9, 2021", western district of washington
James Williams,Lauren J. King,united states district judge for the western district of washington,"Wednesday, June 9, 2021", western district of washington
MAST,Lauren J. King,united states district judge for the western district of washington,"Wednesday, June 9, 2021", western district of washington
Mechoopda Indian Tribe Of Chico Rancheria,Lauren J. King,united states district judge for the western district of washington,"Wednesday, June 9, 2021", western district of washington
Muckleshoot Tribe,Lauren J. King,united states district judge for the western district of washington,"Wednesday, June 9, 2021", western district of washington
NCAI NARF,Lauren J. King,united states district judge for the western district of washington,"Wednesday, June 9, 2021", western district of washington
Northwest Indian Bar Association,Lauren J. King,united states district judge for the western district of washington,"Wednesday, June 9, 2021", western district of washington
Northwest Tribal Court Judges Association,Lauren J. King,united states district judge for the western district of washington,"Wednesday, June 9, 2021", western district of washington
Sault Tribe Law Enforcement,Lauren J. King,united states district judge for the western district of washington,"Wednesday, June 9, 2021", western district of washington
Sault Tribe Law Enforcement,Lauren J. King,united states district judge for the western district of washington,"Wednesday, June 9, 2021", western district of washington
Sault Tribe,Lauren J. King,united states district judge for the western district of washington,"Wednesday, June 9, 2021", western district of washington
Sault Tribe,Lauren J. King,united states district judge for the western district of washington,"Wednesday, June 9, 2021", western district of washington
Seattle Indian Health Board,Lauren J. King,united states district judge for the western district of washington,"Wednesday, June 9, 2021", western district of washington
Seattle Indian Health Board,Lauren J. King,united states district judge for the western district of washington,"Wednesday, June 9, 2021", western district of washington
Spokane Tribe,Lauren J. King,united states district judge for the western district of washington,"Wednesday, June 9, 2021", western district of washington
Spokane Tribe,Lauren J. King,united states district judge for the western district of washington,"Wednesday, June 9, 2021", western district of washington
Suquamish Tribe,Lauren J. King,united states district judge for the western district of washington,"Wednesday, June 9, 2021", western district of washington
Suquamish Tribe,Lauren J. King,united states district judge for the western district of washington,"Wednesday, June 9, 2021", western district of washington
USET SPF,Lauren J. King,united states district judge for the western district of washington,"Wednesday, June 9, 2021", western district of washington
USET SPF,Lauren J. King,united states district judge for the western district of washington,"Wednesday, June 9, 2021", western district of washington
Washington State Gambling Commission,Lauren J. King,united states district judge for the western district of washington,"Wednesday, June 9, 2021", western district of washington
Washington State Gambling Commission,Lauren J. King,united states district judge for the western district of washington,"Wednesday, June 9, 2021", western district of washington
ATNI Resolution Of,Lauren J. King,united states district judge for the western district of washington,"Wednesday, June 9, 2021", western district of washington
ATNI Resolution Of,Lauren J. King,united states district judge for the western district of washington,"Wednesday, June 9, 2021", western district of washington
Ouzinkie Tribal Council,Lauren J. King,united states district judge for the western district of washington,"Wednesday, June 9, 2021", western district of washington
Ouzinkie Tribal Council,Lauren J. King,united states district judge for the western district of washington,"Wednesday, June 9, 2021", western district of washington
Foster Garvey,Lauren J. King,united states district judge for the western district of washington,"Wednesday, June 9, 2021", western district of washington
NNABA,Lauren J. King,united states district judge for the western district of washington,"Wednesday, June 9, 2021", western district of washington
Hon. Frances Charles,Lauren J. King,united states district judge for the western district of washington,"Wednesday, June 9, 2021", western district of washington
Yakama Nation,Lauren J. King,united states district judge for the western district of washington,"Wednesday, June 9, 2021", western district of washington
NPA,Lauren J. King,united states district judge for the western district of washington,"Wednesday, June 9, 2021", western district of washington
AFJ,Tana Lin,united states district judge for the western district of washington,"Wednesday, June 9, 2021", western district of washington
PFAW,Tana Lin,united states district judge for the western district of washington,"Wednesday, June 9, 2021", western district of washington
ABAW,Tana Lin,united states district judge for the western district of washington,"Wednesday, June 9, 2021", western district of washington
FLOW,Tana Lin,united states district judge for the western district of washington,"Wednesday, June 9, 2021", western district of washington
VABAW,Tana Lin,united states district judge for the western district of washington,"Wednesday, June 9, 2021", western district of washington
ABAW,Tana Lin,united states district judge for the western district of washington,"Wednesday, June 9, 2021", western district of washington
FLOW,Tana Lin,united states district judge for the western district of washington,"Wednesday, June 9, 2021", western district of washington
VABAW,Tana Lin,united states district judge for the western district of washington,"Wednesday, June 9, 2021", western district of washington
ACLU WA,Tana Lin,united states district judge for the western district of washington,"Wednesday, June 9, 2021", western district of washington
ACLU WA,Tana Lin,united states district judge for the western district of washington,"Wednesday, June 9, 2021", western district of washington
Michigan Poverty Law Program,Tana Lin,united states district judge for the western district of washington,"Wednesday, June 9, 2021", western district of washington
Michigan Poverty Law Program,Tana Lin,united states district judge for the western district of washington,"Wednesday, June 9, 2021", western district of washington
NAPABA,Tana Lin,united states district judge for the western district of washington,"Wednesday, June 9, 2021", western district of washington
NAPABA,Tana Lin,united states district judge for the western district of washington,"Wednesday, June 9, 2021", western district of washington
NAPAWF,Tana Lin,united states district judge for the western district of washington,"Wednesday, June 9, 2021", western district of washington
NAPAWF,Tana Lin,united states district judge for the western district of washington,"Wednesday, June 9, 2021", western district of washington
NLADA,Tana Lin,united states district judge for the western district of washington,"Wednesday, June 9, 2021", western district of washington
NLADA,Tana Lin,united states district judge for the western district of washington,"Wednesday, June 9, 2021", western district of washington
Randy Hertz,Tana Lin,united states district judge for the western district of washington,"Wednesday, June 9, 2021", western district of washington
Randy Hertz,Tana Lin,united states district judge for the western district of washington,"Wednesday, June 9, 2021", western district of washington
Judge Dyk Law Clerks,Tiffany P. Cunningham,united states district judge for the district of new mexico,"Wednesday, May 26, 2021", district of new mexico
Former Law Clerks,Tiffany P. Cunningham,united states district judge for the district of new mexico,"Wednesday, May 26, 2021", district of new mexico
Former Federal Circuit Law Clerks,Tiffany P. Cunningham,united states district judge for the district of new mexico,"Wednesday, May 26, 2021", district of new mexico
IPLAC,Tiffany P. Cunningham,united states district judge for the district of new mexico,"Wednesday, May 26, 2021", district of new mexico
NCJW,Tiffany P. Cunningham,united states district judge for the district of new mexico,"Wednesday, May 26, 2021", district of new mexico
IIPSJ,Tiffany P. Cunningham,united states district judge for the district of new mexico,"Wednesday, May 26, 2021", district of new mexico
Center For Court Innovation,Julien Xavier Neals,united states district judge for the district of new jersey,"Wednesday, April 28, 2021", district of new jersey
NJSBA,Julien Xavier Neals,united states district judge for the district of new jersey,"Wednesday, April 28, 2021", district of new jersey
Volunteer Lawyers For Justice,Julien Xavier Neals,united states district judge for the district of new jersey,"Wednesday, April 28, 2021", district of new jersey
NAPABA,Zahid N. Quraishi,united states district judge for the district of new jersey,"Wednesday, April 28, 2021", district of new jersey
AI ISNA MPAC,Zahid N. Quraishi,united states district judge for the district of new jersey,"Wednesday, April 28, 2021", district of new jersey
APALA-NJ,Zahid N. Quraishi,united states district judge for the district of new jersey,"Wednesday, April 28, 2021", district of new jersey
Federal Bar NJ,Zahid N. Quraishi,united states district judge for the district of new jersey,"Wednesday, April 28, 2021", district of new jersey
Major General Stuart Risch DJAG,Zahid N. Quraishi,united states district judge for the district of new jersey,"Wednesday, April 28, 2021", district of new jersey
NJMLA,Zahid N. Quraishi,united states district judge for the district of new jersey,"Wednesday, April 28, 2021", district of new jersey
NJSBA,Zahid N. Quraishi,united states district judge for the district of new jersey,"Wednesday, April 28, 2021", district of new jersey
SABA NJ,Zahid N. Quraishi,united states district judge for the district of new jersey,"Wednesday, April 28, 2021", district of new jersey
Board Of Directors DSST Public Schools,Regina M. Rodriguez,united states district judge for the district of colorado,"Wednesday, April 28, 2021", district of colorado
CO Sam Cary Bar Association,Regina M. Rodriguez,united states district judge for the district of colorado,"Wednesday, April 28, 2021", district of colorado
Colorado Lawyers Committee,Regina M. Rodriguez,united states district judge for the district of colorado,"Wednesday, April 28, 2021", district of colorado
Janet Perlstein,Regina M. Rodriguez,united states district judge for the district of colorado,"Wednesday, April 28, 2021", district of colorado
Latinas First Foundation,Regina M. Rodriguez,united states district judge for the district of colorado,"Wednesday, April 28, 2021", district of colorado
Mairead Dolan,Regina M. Rodriguez,united states district judge for the district of colorado,"Wednesday, April 28, 2021", district of colorado
Margit And John Henderson,Regina M. Rodriguez,united states district judge for the district of colorado,"Wednesday, April 28, 2021", district of colorado
Seven Former Bipartisan USAs,Regina M. Rodriguez,united states district judge for the district of colorado,"Wednesday, April 28, 2021", district of colorado
Three Colorado Trial Lawyers,Regina M. Rodriguez,united states district judge for the district of colorado,"Wednesday, April 28, 2021", district of colorado
NAPABA,Regina M. Rodriguez,united states district judge for the district of colorado,"Wednesday, April 28, 2021", district of colorado
